last_updated,file_processor
2020-04-14 13:33:40 UTC,StandardSingleFileProcessor
2020-04-14 10:43:28 UTC,OnlineKeyValueFileProcessor
2020-04-13 13:37:36 UTC,StandardFileProcessor
2020-04-10 11:34:26 UTC,FacebookFileProcessor
2020-04-09 15:19:45 UTC,OnlineMultipleDelimiterFileProcessor
2020-04-01 10:48:36 UTC,FacebookLrIdFileProcessor
2020-03-27 13:06:01 UTC,OnlineSingleDelimiterFileProcessor
2019-12-23 10:08:36 UTC,OnlineMultipleDelimiterKeyValueFileProcessor
2019-11-05 18:29:58 UTC,FacebookPelFileProcessor
2019-09-17 12:28:26 UTC,GoogleV1FileProcessor
2019-09-17 12:28:18 UTC,GoogleV1LrIdFileProcessor
2019-09-17 12:28:18 UTC,GoogleV1EuPelFileProcessor
2019-09-17 12:28:13 UTC,GoogleV1PelFileProcessor
2019-09-17 12:27:54 UTC,DcmFileProcessor
2019-09-17 12:27:37 UTC,HashedFileProcessor
2019-08-07 14:32:10 UTC,GoogleV1SephoraFileProcessor
2019-08-07 14:16:31 UTC,V12FileProcessor
2019-08-07 14:02:50 UTC,SprintGoogleFileProcessor
2019-08-07 13:48:24 UTC,NewFormatGoogleV1PelFileProcessor
2019-08-07 13:46:25 UTC,EpsilonFileProcessor
2019-08-07 13:31:57 UTC,NewFormatGoogleV1FileProcessor
2019-08-07 13:25:41 UTC,GoogleV2FileProcessor
2019-08-07 13:24:23 UTC,GoogleV1UltaFileProcessor
2019-08-07 13:19:51 UTC,BaseFileProcessor
